{"cameraMode":{"drawMode":0,"name":"Shaded","section":"Shading Mode"},"sceneLighting":false,"audioPlay":false,"sceneViewState":{"showFog":true,"showMaterialUpdate":false,"showSkybox":false,"showFlares":true,"showImageEffects":true,"showParticleSystems":true},"in2DMode":false,"pivot":{"x":-4.960000038146973,"y":0.5600000023841858,"z":0.0},"rotation":{"x":-0.058774013072252277,"y":0.008082878775894642,"z":-0.00047648759209550917,"w":-0.9982427954673767},"size":1.4345732927322388,"orthographic":false}