{"cameraMode":{"drawMode":0,"name":"Shaded","section":"Shading Mode"},"sceneLighting":false,"audioPlay":false,"sceneViewState":{"showFog":true,"showMaterialUpdate":false,"showSkybox":false,"showFlares":true,"showImageEffects":true,"showParticleSystems":true},"in2DMode":false,"pivot":{"x":-0.9000000357627869,"y":3.0,"z":0.07999999821186066},"rotation":{"x":-0.22339823842048646,"y":-0.009652768261730671,"z":0.0022115898318588735,"w":-0.9746819138526917},"size":3.183551549911499,"orthographic":false}