{"cameraMode":{"drawMode":0,"name":"Shaded","section":"Shading Mode"},"sceneLighting":false,"audioPlay":false,"sceneViewState":{"showFog":true,"showMaterialUpdate":false,"showSkybox":false,"showFlares":true,"showImageEffects":true,"showParticleSystems":true},"in2DMode":false,"pivot":{"x":-3.059999465942383,"y":-0.9200000762939453,"z":0.04000000283122063},"rotation":{"x":-0.058774013072252277,"y":0.008082878775894642,"z":-0.00047648759209550917,"w":-0.9982427954673767},"size":28.284618377685548,"orthographic":false}