{"cameraMode":{"drawMode":0,"name":"Shaded","section":"Shading Mode"},"sceneLighting":false,"audioPlay":false,"sceneViewState":{"showFog":true,"showMaterialUpdate":false,"showSkybox":false,"showFlares":true,"showImageEffects":true,"showParticleSystems":true},"in2DMode":false,"pivot":{"x":2.7128772735595705,"y":-2.1949310302734377,"z":31.165969848632814},"rotation":{"x":-0.14512215554714204,"y":0.048062197864055637,"z":-0.007058151997625828,"w":-0.9882215261459351},"size":28.28466033935547,"orthographic":false}