{"cameraMode":{"drawMode":0,"name":"Shaded","section":"Shading Mode"},"sceneLighting":false,"audioPlay":false,"sceneViewState":{"showFog":true,"showMaterialUpdate":false,"showSkybox":false,"showFlares":true,"showImageEffects":true,"showParticleSystems":true},"in2DMode":false,"pivot":{"x":-0.6200008392333984,"y":-0.8400001525878906,"z":0.04000000283122063},"rotation":{"x":-0.14512215554714204,"y":0.048062197864055637,"z":-0.007058151997625828,"w":-0.9882215261459351},"size":28.284618377685548,"orthographic":false}