{"cameraMode":{"drawMode":0,"name":"Shaded","section":"Shading Mode"},"sceneLighting":false,"audioPlay":false,"sceneViewState":{"showFog":true,"showMaterialUpdate":false,"showSkybox":false,"showFlares":true,"showImageEffects":true,"showParticleSystems":true},"in2DMode":false,"pivot":{"x":868.0933837890625,"y":828.4522705078125,"z":935.138427734375},"rotation":{"x":0.16010980308055879,"y":-0.011848682537674904,"z":0.0019207557197660208,"w":0.9870493412017822},"size":10.0,"orthographic":false}