{"cameraMode":{"drawMode":0,"name":"Shaded","section":"Shading Mode"},"sceneLighting":false,"audioPlay":false,"sceneViewState":{"showFog":true,"showMaterialUpdate":false,"showSkybox":false,"showFlares":true,"showImageEffects":true,"showParticleSystems":true},"in2DMode":false,"pivot":{"x":0.7400000095367432,"y":-0.3500000238418579,"z":0.0},"rotation":{"x":0.20133638381958009,"y":-0.02938533015549183,"z":0.00604007625952363,"w":0.9790859222412109},"size":1.726151704788208,"orthographic":false}